series,modelo,mae,rmse,mase
store_total,media,813.8852027283,1109.5947027486,1.8709294700
store_total,naive,862.7500000000,966.6322797661,1.9832580747
store_total,naive_sazonal,459.1785714286,655.4670908161,1.0555428682
store_total,drift,863.2786624204,966.7563014912,1.9844733445
store_total,sarima,316.5679469854,396.5424503676,0.7277147923
FOODS,media,526.9285714286,671.8300576875,1.5403311077
FOODS,naive,664.6428571429,722.8594508715,1.9429010379
FOODS,naive_sazonal,343.8571428571,420.1161404047,1.0051720147
FOODS,drift,664.9654610252,723.2566717436,1.9438440819
FOODS,sarima,223.1158960827,269.4899248239,0.6522181069
HOBBIES,media,110.9947896931,141.3051675105,1.2156186910
HOBBIES,naive,169.0357142857,204.7276064852,1.8512848604
HOBBIES,naive_sazonal,102.2500000000,146.6527726103,1.1198454585
HOBBIES,drift,170.3047846527,205.9013574680,1.8651837619
HOBBIES,sarima,73.9808449871,95.3766504581,0.8102407166
